{
  "BiochemicalReaction2": {
    "x": 138.26228524543876,
    "y": 284.6154046791373
  },
  "Protein121": {
    "x": 731.3832189564823,
    "y": 142.84362009771456
  },
  "Pathway1": {
    "x": 238.15021907919586,
    "y": 238.94780997689725
  },
  "BiochemicalReaction3": {
    "x": 288.47061936815254,
    "y": 135.89208768502647
  },
  "Protein207": {
    "x": 1329.4791817903167,
    "y": 104.31880461827579
  },
  "Protein221": {
    "x": 41.53940575224611,
    "y": 213.69567103118914
  },
  "PhysicalEntity2": {
    "x": 72.63317096238461,
    "y": 342.8344191581878
  },
  "Complex14": {
    "x": 750.9190287997087,
    "y": 503.6433513237967
  },
  "Protein45": {
    "x": 607.9177421276858,
    "y": 134.12308757633764
  },
  "Protein279": {
    "x": 393.7465302461387,
    "y": 383.4653686677997
  },
  "Protein257": {
    "x": 410.59830232549183,
    "y": 83.89547770826718
  },
  "Complex13": {
    "x": 895.4799795896513,
    "y": 571.7119520005383
  },
  "Protein193": {
    "x": 279.2985667089419,
    "y": 553.2772964460257
  },
  "Protein239": {
    "x": 49.76401845048886,
    "y": 274.900762283088
  },
  "SmallMolecule2": {
    "x": 148.09978370254328,
    "y": 164.56868146564068
  },
  "Protein277": {
    "x": 245.10614701117157,
    "y": 432.3717658420818
  },
  "BiochemicalReaction11": {
    "x": 323.29239854385935,
    "y": 317.26035639826165
  },
  "BiochemicalReaction4": {
    "x": 369.126758184059,
    "y": 261.2451017905958
  },
  "BiochemicalReaction1": {
    "x": 189.4773635636943,
    "y": 116.43571291237512
  },
  "Protein1": {
    "x": -100.49169284867925,
    "y": 131.89934312423935
  },
  "Protein143": {
    "x": 361.1228525444867,
    "y": 646.361234721534
  },
  "Complex4": {
    "x": 1131.9671906763667,
    "y": 65.14778704543545
  },
  "Complex8": {
    "x": 790.5900391309706,
    "y": 81.48452682389967
  },
  "Complex12": {
    "x": 365.9457600009091,
    "y": 574.5410072813097
  },
  "Protein46": {
    "x": 661.3832189564823,
    "y": 15
  },
  "Protein144": {
    "x": 354.1843251574628,
    "y": 503.6433513237967
  },
  "Complex1": {
    "x": 598.0696416982479,
    "y": 62.632903823906645
  },
  "Complex2": {
    "x": 43.15081520836104,
    "y": 571.817274427044
  },
  "Complex11": {
    "x": 349.2985667089419,
    "y": 717.2540153299277
  },
  "Complex15": {
    "x": 210.99121963898088,
    "y": 526.3648037638404
  },
  "Complex16": {
    "x": 1266.2624456652868,
    "y": 57.85285470964186
  },
  "Protein166": {
    "x": 689.0401383740289,
    "y": 552.91607242762
  },
  "Protein141": {
    "x": 820.9190287997087,
    "y": 646.2529747361318
  },
  "Protein192": {
    "x": 141.88252563540445,
    "y": 503.6433513237967
  },
  "PhysicalEntity1": {
    "x": 176.85298909104557,
    "y": 224.74032043122696
  },
  "Complex9": {
    "x": 822.6441578871431,
    "y": 574.9368684033457
  },
  "BiochemicalReaction7": {
    "x": 349.5568930006631,
    "y": 164.9192007397316
  },
  "Protein276": {
    "x": 259.97464678349536,
    "y": 299.37646057265533
  },
  "Complex5": {
    "x": 991.7681725837741,
    "y": 29.832962204000722
  },
  "Protein120": {
    "x": 758.9381538202736,
    "y": 15
  },
  "Protein145": {
    "x": 921.7864595475495,
    "y": 503.6433513237967
  },
  "Protein68": {
    "x": 15,
    "y": 503.6433513237967
  },
  "PhysicalEntity5": {
    "x": 198.28381332439503,
    "y": 298.1354572712824
  },
  "BiochemicalReaction9": {
    "x": 289.6651825036977,
    "y": 197.49764194702271
  },
  "Protein271": {
    "x": 409.39153667414087,
    "y": 205.4921547002685
  },
  "BiochemicalReaction6": {
    "x": 117.93608917366856,
    "y": 226.04099109922225
  },
  "Protein44": {
    "x": 532.757309466281,
    "y": 21.18278821967317
  },
  "PhysicalEntity6": {
    "x": 108.34135045721635,
    "y": 415.27637632045594
  },
  "SmallMolecule4": {
    "x": 243.83050281201304,
    "y": 15.000000000000004
  },
  "Protein67": {
    "x": 71.88252563540445,
    "y": 639.8760234015538
  },
  "SmallMolecule6": {
    "x": 120.07331721979487,
    "y": 88.7686451353963
  },
  "Protein142": {
    "x": 825.4799795896513,
    "y": 503.6433513237967
  },
  "Catalysis1": {
    "x": 24.601264745663997,
    "y": 125.21724530782912
  },
  "Complex6": {
    "x": 435.9457600009091,
    "y": 564.3129618696587
  },
  "Protein122": {
    "x": 851.1540099777893,
    "y": 138.324272832757
  },
  "BiochemicalReaction8": {
    "x": 309.0723333672185,
    "y": 256.2534282457227
  },
  "Protein72": {
    "x": 496.2338705021897,
    "y": 503.6433513237967
  },
  "BiochemicalReaction10": {
    "x": 209.25693555871666,
    "y": 359.4883279946771
  },
  "Protein93": {
    "x": 566.2338705021896,
    "y": 503.6433513237967
  },
  "Protein275": {
    "x": 229.24736697732584,
    "y": 175.77595891128226
  },
  "Protein30": {
    "x": 308.70918049730994,
    "y": 39.417254998187055
  },
  "Protein278": {
    "x": 182.3667179888291,
    "y": 433.6433513237967
  },
  "PhysicalEntity4": {
    "x": 462.757309466281,
    "y": 263.43481078874095
  },
  "SmallMolecule1": {
    "x": 182.92238344365953,
    "y": 54.60819115631195
  },
  "Protein208": {
    "x": 1201.967190676367,
    "y": 15
  },
  "Protein35": {
    "x": 349.6486416612271,
    "y": 99.84320131267248
  },
  "SmallMolecule3": {
    "x": 123.56077395351333,
    "y": 27.322826246716097
  },
  "PhysicalEntity3": {
    "x": 433.41766772260286,
    "y": 321.91322456689403
  },
  "BiochemicalReaction5": {
    "x": 149.08231716721986,
    "y": 345.17412832124035
  },
  "Protein71": {
    "x": 921.1540099777893,
    "y": 15
  },
  "Protein262": {
    "x": 443.3429602828416,
    "y": 144.39663042432076
  },
  "Complex7": {
    "x": 619.0401383740289,
    "y": 564.509337435892
  },
  "Protein267": {
    "x": 269.2353861912701,
    "y": 359.5713473499262
  },
  "SmallMolecule5": {
    "x": 248.94322834118876,
    "y": 76.34935437649659
  },
  "Protein282": {
    "x": 332.60618026791144,
    "y": 394.8492025569555
  },
  "Protein70": {
    "x": 1062.710749921528,
    "y": 41.395335995426876
  }
}